{"cameraMode":{"drawMode":0,"name":"Shaded","section":"Shading Mode"},"sceneLighting":true,"audioPlay":false,"sceneViewState":{"m_AlwaysRefresh":false,"showFog":true,"showSkybox":true,"showFlares":true,"showImageEffects":true,"showParticleSystems":true,"showVisualEffectGraphs":true,"m_FxEnabled":true},"in2DMode":false,"pivot":{"x":173.521728515625,"y":234.87692260742188,"z":264.099609375},"rotation":{"x":-0.009000261314213276,"y":-0.004498304333537817,"z":-0.00004848543903790414,"w":0.9999677538871765},"size":398.23345947265627,"orthographic":false}