{"cameraMode":{"drawMode":0,"name":"Shaded","section":"Shading Mode"},"sceneLighting":true,"audioPlay":false,"sceneViewState":{"m_AlwaysRefresh":false,"showFog":true,"showSkybox":true,"showFlares":true,"showImageEffects":true,"showParticleSystems":true,"showVisualEffectGraphs":true,"m_FxEnabled":true},"in2DMode":false,"pivot":{"x":-0.45794934034347536,"y":0.22002901136875153,"z":3.4753241539001467},"rotation":{"x":0.2569025754928589,"y":-0.0043426756747066978,"z":0.001138410298153758,"w":0.9664531350135803},"size":2.7913978099823,"orthographic":false}