{"cameraMode":{"drawMode":0,"name":"Shaded","section":"Shading Mode"},"sceneLighting":true,"audioPlay":false,"sceneViewState":{"m_AlwaysRefresh":false,"showFog":true,"showSkybox":true,"showFlares":true,"showImageEffects":true,"showParticleSystems":true,"showVisualEffectGraphs":true,"m_FxEnabled":true},"in2DMode":false,"pivot":{"x":0.663623571395874,"y":-2.6626367568969728,"z":9.559444427490235},"rotation":{"x":0.22218985855579377,"y":0.05320649966597557,"z":-0.012144084088504315,"w":0.9734758734703064},"size":6.354764938354492,"orthographic":false}